Project:name:TLFM/Dataset:name:Pos9,Pos9,
Project:name:TLFM/Dataset:name:Pos10,Pos10
Project:name:TLFM/Dataset:name:Pos11,Pos11
Project:name:TLFM/Dataset:name:Pos12,Pos12
Project:name:TLFM/Dataset:name:Pos13,Pos13
Project:name:TLFM/Dataset:name:Pos14,Pos14
Project:name:TLFM/Dataset:name:Pos16,Pos16
Project:name:TLFM/Dataset:name:Pos17,Pos17
Project:name:TLFM/Dataset:name:Pos18,Pos18
Project:name:TLFM/Dataset:name:Pos20,Pos20
Project:name:TLFM/Dataset:name:Pos21,Pos21
Project:name:TLFM/Dataset:name:Pos22,Pos22
Project:name:TLFM/Dataset:name:Pos24,Pos24
Project:name:TLFM/Dataset:name:Pos25,Pos25
Project:name:TLFM/Dataset:name:Pos26,Pos26
Project:name:TLFM/Dataset:name:Pos27,Pos27
Project:name:TLFM/Dataset:name:Pos28,Pos28
Project:name:TLFM/Dataset:name:Pos29,Pos29
Project:name:TLFM/Dataset:name:Pos30,Pos30
